0.125,3
0.25,3
0.3125,3
0.3125,3
0.3125,3
0.3125,3
0.25,3
0.125,3
0.25,3
0.5,3
0.625,2
0.25,2
0.4375,2
0.6875,4
0.25,2
0.5625,4
0.25,3
0.75,5
0.5625,3
0.25,2
0.75,5
0.5,4
0.375,5
0.1875,2
0.3125,3
0.375,3
0.3125,3
0.375,3
0.5625,3
0.6875,4
0.3125,3
0.375,3
0.4375,3
0.1875,3
0.375,2
0.75,2
0.3125,2
0.5,3
0.125,2
0.125,2
0.25,3
0.25,3
0.3125,3
0.25,3
0.25,3
0.3125,4
0.3125,1
0.3125,2
0.3125,3
0.3125,2
0.625,3
0.5,4
0.4375,4
0.4375,3
0.1875,3
0.5,3
0.25,3
0.125,3
0.375,3
0.3125,3
0.125,3
0.125,3
0.375,2
0.375,3
0.375,3
0.1875,2
0.75,4
0.3125,2
0.4375,5
0.25,2
0.1875,3
0.25,2
0.3125,2
0.1875,3
0.4375,5
0.25,2
0.75,4
0.625,4
0.1875,2
0.1875,2
0.4375,3
0.1875,3
0.3125,2
0.25,3
0.125,2
0.125,3
0.125,3
0.25,3
0.125,2
0.125,3
0.125,3
0.1875,2
0.75,4
0.75,4
0.5625,4
0.1875,3
0.125,3
0.5625,4
0.3125,1
0.125,3
0.1875,2
0.25,2
0.25,2
0.1875,2
0.1875,2
0.1875,3
0.25,2
0.1875,3
0.1875,3
0.375,2
0.125,3
0.125,2
0.1875,2
0.1875,2
0.1875,2
0.25,1
0.5625,3
0.625,3
0.1875,2
0.1875,2
0.375,2
0.125,2
0.25,2
0.1875,3
0.3125,3
0.5,3
0.375,2
0.25,4
0.4375,4
0.4375,3
0.4375,2
0.25,4
0.1875,2
0.1875,2
0.125,2
0.25,2
0.4375,3
0.125,2
0.4375,4
0.625,3
0.375,2
0.125,2
0.4375,3
0.25,3
0.5,3
0.4375,3
0.3125,3
0.1875,1
0.625,4
0.25,3
0.5625,4
0.3125,3
0.25,3
0.375,2
0.25,3
0.125,3
0.125,3
0.6875,4
0.6875,5
0.6875,5
0.6875,4
0.1875,2
0.4375,2
0.125,3
0.25,2
0.3125,2
0.25,3
0.75,4
0.1875,2
0.3125,2
0.75,3
0.5,3
0.5625,1
0.5625,4
0.375,2
0.5625,3
0.75,1
0.25,2
0.125,1
0.1875,3
0.1875,3
0.1875,2
0.125,2
0.25,3
0.1875,2
0.1875,2
0.3125,3
0.5,2
0.75,5
0.125,1
0.125,3
0.125,2
0.5625,3
0.25,2
0.1875,2
0.1875,3
0.1875,2
0.125,2
0.125,2
0.125,2
0.1875,2
0.125,2
0.25,2
0.625,3
0.375,1
0.125,2
0.1875,2
0.3125,1
0.375,2
0.25,3
0.375,2
0.5,4
0.1875,2
0.25,3
0.5,4
0.25,2
0.5,2
0.25,2
0.25,2
0.5,2
0.5,2
0.1875,3
0.5,4
0.1875,3
0.375,3
0.125,2
0.25,3
0.1875,3
0.25,3
0.125,2
0.125,1
0.25,3
0.25,3
0.1875,3
0.1875,3
0.1875,3
0.1875,3
0.25,3
0.5,4
0.25,3
0.125,2
0.375,2
0.5625,4
0.25,3
0.125,2
0.5625,3
0.75,4
0.4375,4
0.4375,4
0.3125,2
0.3125,1
0.3125,0
0.125,2
0.625,0
0.1875,3
0.25,5
0.5,4
0.5,4
0.625,3
0.5625,1
0.375,3
0.125,2
0.375,2
0.25,3
0.4375,3
0.125,2
0.1875,3
0.25,2
0.25,3
0.25,3
0.1875,3
0.25,2
0.1875,2
0.1875,2
0.25,2
0.3125,3
0.3125,3
0.4375,2
0.4375,1
0.6875,4
0.75,5
0.6875,5
0.375,1
0.1875,2
0.125,2
0.125,2
0.25,3
0.1875,4
0.1875,4
0.1875,4
0.1875,4
0.375,3
0.1875,2
0.3125,4
0.0625,0
0.25,3
0.25,2
0.5,4
0.3125,3
0.375,3
0.4375,3
0.375,3
0.4375,3
0.5,3
0.3125,3
0.3125,3
0.3125,2
0.3125,3
0.375,4
0.375,3
0.5625,4
0.75,5
0.3125,3
0.3125,3
0.3125,2
0.1875,3
0.4375,3
0.375,2
0.5625,4
0.3125,3
0.375,4
0.375,2
0.4375,3
0.375,3
0.5625,2
0.375,2
0.3125,3
0.3125,3
0.25,3
0.375,2
0.75,5
0.4375,2
0.625,3
0.3125,2
0.4375,2
0.625,3
0.5,3
0.1875,3
0.375,2
0.375,4
0.1875,4
0.3125,3
0.1875,3
0.3125,2
0.3125,3
0.25,3
0.5,4
0.125,3
0.3125,3
0.3125,2
0.5625,4
0.625,4
0.25,3
0.625,4
0.25,3
0.1875,3
0.1875,3
0.25,3
0.375,3
0.4375,3
0.375,3
0.125,2
0.25,3
0.1875,3
0.5625,4
0.6875,4
0.4375,3
0.25,3
0.4375,3
0.5625,2
0.25,3
0.4375,3
0.3125,2
0.1875,3
0.75,4
0.75,4
0.375,4
0.3125,4
0.3125,3
0.375,4
0.3125,4
0.1875,3
0.1875,3
0.1875,3
0.5625,4
0.75,4
0.4375,4
0.3125,2
0.25,3
0.1875,4
0.1875,4
0.4375,2
0.375,3
0.6875,3
0.125,2
0.3125,2
0.5625,2
0.5625,3
0.25,2
0.625,3
0.5625,3
0.125,2
0.1875,2
0.125,2
0.75,3
0.3125,2
0.75,4
0.25,2
0.375,3
0.5625,2
0.1875,3
0.25,3
0.375,2
0.375,2
0.1875,3
0.25,3
0.3125,3
0.1875,2
0.3125,3
0.375,3
0.75,4
0.375,3
0.375,3
0.375,3
0.375,4
0.375,3
0.375,3
0.25,2
0.1875,2
0.1875,2
0.25,2
0.3125,2
0.3125,4
0.1875,1
0.6875,5
0.6875,4
0.3125,2
0.6875,5
0.3125,4
0.1875,2
0.5625,4
0.375,3
0.8125,5
0.1875,3
0.5,3
0.5625,0
0.6875,2
0.3125,3
0.3125,3
0.375,4
0.1875,2
0.3125,2
0.4375,4
0.375,4
0.375,4
0.3125,3
0.8125,4
0.25,2
0.3125,3
0.0625,2
0.25,2
0.1875,2
0.25,2
0.25,3
0.125,2
0.125,2
0.25,3
0.25,3
0.125,2
0.25,2
0.1875,3
0.3125,2
0.75,3
0.25,4
0.25,3
0.25,2
0.6875,4
0.375,3
0.1875,3
0.375,3
0.1875,2
0.4375,3
0.25,2
0.1875,2
0.25,2
0.25,3
0.25,3
0.4375,3
0.375,3
0.125,3
0.6875,3
0.75,4
0.3125,3
0.5625,3
0.4375,3
0.75,3
0.125,1
0.75,3
0.3125,2
0.125,1
0.25,3
0.25,3
0.3125,3
0.3125,2
0.125,3
0.125,3
0.125,2
0.3125,4
0.625,3
0.3125,4
0.3125,3
0.6875,3
0.5,3
0.5,3
0.375,4
0.375,3
0.1875,2
0.375,3
0.4375,3
0.625,2
0.3125,2
0.3125,2
0.5625,3
0.5,3
0.5625,2
0.1875,3
0.75,1
0.75,3
0.6875,3
0.5,3
0.25,3
0.1875,2
0.1875,3
0.1875,3
0.1875,3
0.1875,2
0.1875,2
0.1875,3
0.375,2
0.25,3
0.5625,1
0.125,2
0.3125,3
0.3125,3
0.1875,3
0.3125,3
0.25,3
0.625,3
0.375,4
0.125,2
0.25,4
0.5625,4
0.6875,4
0.25,4
0.6875,4
0.5625,4
0.25,2
0.375,3
0.25,2
0.6875,3
0.3125,4
0.3125,2
0.1875,3
0.375,4
0.1875,2
0.3125,3
0.5625,3
0.3125,2
0.3125,3
0.25,3
0.125,2
0.5625,4
0.125,2
0.75,4
0.625,4
0.375,3
0.375,3
0.75,4
0.5625,4
0.6875,4
0.125,2
0.25,2
0.3125,3
0.25,3
0.3125,4
0.25,3
0.125,3
0.4375,4
0.4375,4
0.25,3
0.1875,2
0.4375,3
0.25,2
0.4375,2
0.4375,2
0.375,4
0.25,2
0.4375,3
0.375,5
0.5625,4
0.25,3
0.4375,3
0.4375,2
0.4375,2
0.3125,3
0.3125,3
0.25,2
0.25,2
0.25,2
0.4375,3
0.6875,5
0.5,3
0.125,2
0.125,2
0.125,2
0.125,2
0.625,4
0.4375,3
0.4375,3
0.25,3
0.1875,2
0.1875,2
0.375,3
0.5625,2
0.1875,2
0.5,5
0.1875,1
0.25,3
0.25,3
0.375,3
0.125,2
0.125,2
0.4375,3
0.25,2
0.4375,3
0.4375,3
0.4375,4
0.1875,2
0.375,2
0.375,2
0.5,4
0.1875,1
0.375,3
0.25,2
0.25,2
0.1875,2
0.25,1
0.1875,3
0.3125,2
0.1875,4
0.1875,4
0.1875,4
0.1875,4
0.25,3
0.5625,4
0.6875,3
0.5625,3
0.375,2
0.5625,2
0.3125,1
0.25,2
0.6875,4
0.1875,1
0.25,2
0.25,3
0.25,2
0.75,3
0.25,3
0.3125,3
0.1875,2
0.1875,3
0.5625,3
0.75,5
0.4375,3
0.25,2
0.1875,3
0.1875,3
0.625,4
0.625,4
0.625,4
0.3125,2
0.25,2
0.25,3
0.25,2
0.5,2
0.1875,2
0.4375,4
0.1875,1
0.1875,3
0.4375,4
0.3125,1
0.3125,3
0.3125,2
0.3125,2
0.25,3
0.25,2
0.5,3
0.25,2
0.25,2
0.25,2
0.25,2
0.9375,4
0.3125,1
0.375,3
0.75,3
0.4375,2
0.3125,2
0.5,3
0.3125,3
0.1875,2
0.25,2
0.6875,3
0.6875,3
0.3125,2
0.4375,3
0.375,4
0.1875,3
0.1875,2
0.375,4
0.375,4
0.125,2
0.375,2
0.625,3
0.6875,5
0.4375,4
0.375,2
0.625,4
0.25,2
0.375,2
0.25,2
0.375,3
0.25,3
0.5,4
0.1875,3
0.1875,2
0.25,3
0.1875,3
0.1875,2
0.4375,4
0.25,3
0.75,0
0.5,3
0.375,3
0.25,2
0.3125,2
0.6875,3
0.375,3
0.5625,3
0.3125,3
0.5625,3
0.5625,3
0.375,3
0.25,3
0.375,3
0.1875,2
0.6875,4
0.25,2
0.1875,3
0.3125,4
0.3125,4
0.3125,3
0.3125,3
0.125,2
0.375,3
0.25,3
0.5,3
0.1875,2
0.4375,3
0.1875,4
0.1875,4
0.3125,4
0.1875,4
0.1875,4
0.25,2
0.375,6
0.6875,3
0.5,3
0.1875,2
0.25,4
0.125,5
0.5,1
0.1875,3
0.25,4
0.125,5
0.1875,2
0.1875,3
0.1875,3
0.1875,3
0.3125,4
0.1875,3
0.1875,3
0.4375,4
0.3125,2
0.4375,4
0.1875,2
0.1875,2
0.1875,3
0.25,3
0.25,3
0.5,5
0.125,3
0.1875,2
0.1875,2
0.3125,4
0.3125,3
0.125,3
0.25,2
0.25,3
0.1875,3
0.25,3
0.1875,2
0.1875,3
0.1875,4
0.25,3
0.375,3
0.1875,2
0.625,2
0.1875,2
0.1875,2
0.1875,2
0.6875,6
0.1875,3
0.25,2
0.25,3
0.625,2
0.3125,3
0.375,3
0.75,6
0.4375,4
0.5,4
0.375,3
0.5625,1
0.75,5
0.6875,3
0.375,3
0.75,5
0.625,5
0.625,5
0.625,5
0.625,4
0.625,4
0.125,4
0.125,4
0.4375,4
0.5,5
0.5,5
0.1875,2
0.4375,2
0.125,4
0.5625,3
0.4375,4
0.25,2
0.25,4
0.125,2
0.25,4
0.375,4
0.25,2
0.25,2
0.3125,4
0.25,2
0.375,5
0.1875,4
0.3125,3
0.6875,3
0.3125,2
0.75,3
0.25,4
0.0625,5
0.1875,4
0.3125,3
0.25,2
0.125,2
0.4375,3
0.25,0
0.3125,2
0.3125,4
0.75,6
0.375,3
0.125,3
0.625,5
0.3125,4
0.3125,3
0.5625,3
0.5625,3
0.3125,3
0.6875,4
0.5625,3
0.5,4
0.5625,3
0.5,4
0.3125,3
0.5,4
0.25,2
0.6875,4
0.5,4
0.375,3
0.375,3
0.375,3
0.4375,3
0.375,3
0.5,4
0.25,3
0.125,2
0.25,3
0.125,5
0.5,1
0.375,1
0.6875,5
0.3125,1
0.125,2
0.3125,2
0.3125,2
0.3125,2
0.1875,2
0.25,1
0.1875,2
0.375,4
0.5,3
0.625,3
0.375,4
0.25,4
0.125,3
0.125,3
0.3125,3
0.4375,5
0.3125,2
0.1875,2
0.25,4
0.3125,2
0.1875,2
0.625,4
0.125,2
0.3125,3
0.25,2
0.125,2
0.125,2
0.5625,2
0.1875,2
0.3125,3
0.25,4
0.25,2
0.25,3
0.3125,4
0.6875,4
0.125,4
0.375,4
0.25,2
0.3125,2
0.25,1
0.5625,2
0.25,2
0.3125,3
0.3125,3
0.3125,2
0.3125,3
0.25,2
0.25,2
0.375,4
0.375,4
0.1875,3
0.1875,3
0.6875,4
0.1875,3
0.5625,3
0.25,3
0.5625,2
0.25,3
0.1875,3
0.625,4
0.5625,4
0.6875,4
0.75,4
0.1875,3
0.625,4
0.625,3
0.1875,2
0.375,3
0.125,2
0.4375,4
0.3125,2
0.3125,3
0.4375,4
0.75,3
0.625,3
0.4375,2
0.375,3
0.375,3
0.375,3
0.4375,2
0.625,4
0.375,3
0.375,1
0.3125,2
0.3125,1
0.25,3
0.375,3
0.375,2
0.25,3
0.1875,3
0.3125,4
0.3125,4
0.25,2
0.25,3
0.375,4
0.5625,3
0.4375,3
0.5625,3
0.1875,2
0.375,4
0.375,3
0.375,3
0.5,4
0.375,3
0.25,2
0.125,2
0.375,2
0.1875,2
0.375,3
0.375,3
0.25,3
0.5625,4
0.5625,4
0.5,5
0.375,3
0.625,3
0.25,3
0.375,3
0.25,1
0.375,4
0.1875,1
0.375,3
0.3125,3
0.375,3
0.375,3
0.1875,0
0.375,3
0.4375,2
0.25,2
0.1875,4
0.5,2
0.4375,1
0.4375,2
0.4375,1
0.125,2
0.4375,4
0.375,2
0.3125,2
0.375,2
0.1875,2
0.75,3
0.1875,2
0.1875,3
0.5625,2
0.375,1
0.375,2
0.3125,2
0.4375,3
0.1875,2
0.4375,3
0.125,1
0.5625,4
0.25,2
0.25,2
0.25,2
0.4375,3
0.25,2
0.1875,3
0.5,4
0.75,4
0.5,3
0.5625,4
0.25,2
0.4375,4
0.4375,2
0.1875,3
0.75,4
0.3125,3
0.3125,2
0.3125,2
0.3125,3
0.1875,4
0.25,3
0.25,3
0.1875,3
0.3125,4
0.125,2
0.5,5
0.5,5
0.1875,3
0.4375,4
0.1875,3
0.125,3
0.4375,3
0.4375,4
0.125,2
0.5,5
0.375,3
0.3125,4
0.3125,3
0.9375,4
0.25,3
0.625,3
0.5625,2
0.4375,2
0.125,2
0.5625,4
0.5,5
0.75,4
0.75,4
0.1875,1
0.75,4
0.6875,3
0.3125,3
0.4375,2
0.3125,1
0.375,5
0.375,2
0.25,2
0.375,2
0.1875,2
0.1875,3
0.3125,3
0.5625,4
0.4375,2
0.4375,2
0.1875,3
0.8125,4
0.625,4
0.25,2
0.625,4
0.1875,3
0.25,3
0.1875,2
0.3125,2
0.375,2
0.25,3
0.6875,5
0.625,5
0.25,2
0.5625,2
0.4375,3
0.375,2
0.25,2
0.375,2
0.375,2
0.125,2
0.4375,2
0.25,2
0.4375,3
0.25,2
0.125,2
0.125,2
0.25,1
0.4375,3
0.1875,1
0.375,1
0.1875,3
0.1875,3
0.25,3
0.1875,3
0.25,3
0.1875,3
0.375,4
0.25,3
0.375,3
0.375,2
0.25,2
0.4375,3
0.5,2
0.25,3
0.3125,3
0.25,2
0.75,3
0.5625,2
0.3125,3
0.1875,2
0.25,4
0.375,3
0.1875,2
0.25,2
0.25,2
0.3125,3
0.5625,2
0.4375,3
0.75,4
0.125,2
0.1875,2
0.5,5
0.3125,3
0.25,2
0.75,3
0.4375,4
0.1875,3
0.1875,4
0.25,3
0.1875,3
0.4375,4
0.1875,4
0.1875,3
0.4375,4
0.4375,3
0.4375,4
0.1875,2
0.4375,3
0.4375,3
0.25,2
0.125,3
0.1875,2
0.5625,3
0.75,3
0.375,3
0.25,2
0.5625,3
0.4375,3
0.4375,3
0.4375,2
0.625,5
0.1875,2
0.5,5
0.625,5
0.5,3
0.75,4
0.3125,3
0.4375,2
0.6875,4
0.75,3
0.6875,4
0.375,2
0.75,3
0.6875,0
0.125,3
0.6875,4
0.75,4
0.5,3
0.3125,3
0.375,2
0.75,3
0.4375,2
0.875,4
0.25,2
0.1875,3
0.4375,4
0.875,4
0.875,4
0.3125,2
0.25,1
0.4375,4
0.5625,3
0.4375,4
0.375,2
0.375,4
0.1875,2
0.1875,3
0.6875,4
0.1875,2
0.375,3
0.25,3
0.375,3
0.1875,3
0.1875,3
0.1875,3
0.25,3
0.25,3
0.25,3
0.3125,2
0.5,4
0.6875,5
0.125,4
0.25,2
0.25,3
0.125,4
0.4375,2
0.25,2
0.4375,2
0.25,3
0.1875,3
0.125,4
0.25,2
0.4375,3
0.375,3
0.75,3
0.6875,4
0.125,2
0.75,5
0.6875,4
0.75,3
0.5625,4
0.8125,4
0.75,4
0.5,3
0.25,3
0.25,3
0.375,3
0.5625,1
0.5625,1
0.25,3
0.4375,3
0.75,4
0.6875,3
0.5625,2
0.375,3
0.5625,2
0.25,3
0.375,3
0.1875,2
0.4375,4
0.75,5
0.25,2
0.375,3
0.375,3
0.3125,3
0.4375,3
0.375,2
0.25,2
0.1875,3
0.3125,3
0.5,3
0.4375,2
0.375,3
0.125,2
0.75,3
0.8125,3
0.3125,3
0.5,2
0.4375,3
0.75,4
0.1875,3
0.375,3
0.625,3
0.25,2
0.25,2
0.125,3
0.1875,4
0.75,5
0.6875,3
0.3125,3
0.5,5
0.3125,2
0.3125,2
0.4375,3
0.3125,3
0.375,2
0.4375,3
0.3125,3
0.6875,5
0.75,5
0.6875,4
0.625,4
0.5,5
0.375,1
0.75,4
0.75,4
0.3125,3
0.3125,2
0.1875,2
0.5625,2
0.125,3
0.1875,3
0.625,5
0.4375,4
0.375,3
0.4375,4
0.5625,4
0.25,1
0.5625,2
0.3125,4
0.4375,3
0.125,2
0.125,3
0.1875,2
0.375,3
0.625,4
0.25,3
0.25,3
0.6875,4
0.5,4
0.5625,3
0.5625,3
0.5,4
0.375,3
0.625,4
0.6875,4
0.1875,3
0.375,3
0.5625,3
0.25,2
0.9375,4
0.875,3
0.5625,4
0.3125,3
0.3125,3
0.6875,3
0.875,3
0.1875,3
0.9375,4
0.6875,4
0.5625,4
0.125,4
0.125,4
0.5625,3
0.125,4
0.1875,3
0.5,5
0.4375,5
0.5625,2
0.375,1
0.375,5
0.5625,3
0.125,4
0.4375,3
0.5625,3
0.5625,3
0.6875,5
0.4375,3
0.5625,3
0.1875,2
0.3125,3
0.5,0
0.375,2
0.4375,4
0.3125,1
0.5625,3
0.1875,2
0.3125,1
0.4375,3
0.5625,3
0.75,3
0.5625,2
0.375,4
0.25,2
0.3125,1
0.25,2
0.6875,4
0.6875,3
0.5625,2
0.25,2
0.1875,2
0.375,4
0.25,2
0.125,2
0.125,2
0.375,2
0.25,2
0.6875,3
0.5625,3
0.6875,3
0.6875,3
0.5,3
0.5,3
0.5625,3
0.5625,3
0.1875,2
0.5625,3
0.625,4
0.1875,2
0.1875,2
0.6875,3
0.6875,3
0.6875,3
0.4375,3
0.6875,3
0.4375,3
0.5,3
0.5,3
0.75,5
0.375,2
0.5625,3
0.6875,4
0.3125,2
0.1875,2
0.625,4
0.5625,3
0.5625,2
0.4375,3
0.25,1
0.375,3
0.4375,2
0.4375,3
0.5625,3
0.4375,3
0.375,3
0.3125,3
0.375,3
0.25,1
0.1875,0
0.4375,3
0.25,3
0.3125,3
0.25,3
0.1875,2
0.375,3
0.5,2
0.3125,2
0.6875,5
0.6875,5
0.6875,4
0.375,2
0.6875,4
0.75,3
0.8125,3
0.5,4
0.3125,2
0.1875,2
0.75,4
0.6875,5
0.3125,4
0.5,3
0.3125,3
0.3125,3
0.375,2
0.3125,2
0.5,3
0.5,4
0.5,3
0.5,4
0.375,3
0.4375,3
0.4375,3
0.625,3
0.3125,2
0.3125,3
0.1875,2
0.5,2
0.3125,3
0.125,3
0.125,2
0.5,3
0.5,3
0.5,3
0.125,3
0.125,2
0.5,4
0.5,4
0.4375,3
0.1875,3
0.375,3
0.3125,2
0.3125,3
0.3125,3
0.4375,3
0.1875,3
0.1875,1
0.4375,3
0.4375,3
0.3125,2
0.4375,3
0.3125,3
0.3125,3
0.75,3
0.375,3
0.4375,3
0.125,3
0.75,4
0.5,4
0.5,4
0.4375,4
0.25,3
0.4375,3
0.1875,1
0.375,1
0.75,3
0.3125,2
0.6875,4
0.75,3
0.3125,2
0.3125,3
0.1875,2
0.3125,2
0.25,3
0.3125,2
0.3125,2
0.25,3
0.375,3
0.375,2
0.375,1
0.375,3
0.3125,3
0.4375,1
0.3125,2
0.1875,1
0.25,2
0.5625,3
0.625,4
0.3125,2
0.1875,3
0.125,2
0.3125,2
0.1875,3
0.125,2
0.5,3
0.6875,3
0.375,3
0.4375,3
0.375,3
0.25,3
0.1875,3
0.625,2
0.1875,3
0.3125,3
0.5625,3
0.25,3
0.4375,3
0.75,2
0.875,4
0.25,2
0.8125,6
0.75,3
0.25,4
0.125,2
0.3125,4
0.75,3
0.3125,3
0.5625,4
0.4375,4
0.4375,2
0.4375,3
0.1875,3
0.1875,3
0.0625,3
0.5625,5
0.5625,4
0.25,2
0.125,3
0.25,3
0.375,4
0.25,3
0.375,3
0.25,2
0.5625,3
0.25,3
0.5625,2
0.5625,3
0.6875,5
0.5,4
0.1875,3
0.375,3
0.3125,2
0.25,3
0.1875,2
0.375,2
0.3125,2
0.3125,3
0.1875,4
0.375,4
0.1875,4
0.375,4
0.3125,3
0.6875,4
0.375,2
0.25,1
0.75,4
0.1875,3
0.4375,1
0.125,3
0.1875,2
0.375,2
0.1875,2
0.5625,3
0.125,2
0.1875,2
0.25,3
0.375,3
0.4375,4
0.125,3
0.1875,1
0.5625,5
0.4375,2
0.625,3
0.375,4
0.3125,3
0.3125,3
0.5625,4
0.1875,2
0.1875,2
0.375,3
0.125,2
0.5625,4
0.5,3
0.375,3
0.3125,2
0.1875,2
0.625,3
0.1875,4
0.1875,4
0.1875,4
0.1875,4
0.3125,2
0.1875,4
0.25,0
0.5625,3
0.25,1
0.1875,4
0.625,3
0.375,2
0.1875,3
0.5,3
0.3125,3
0.6875,3
0.625,3
0.5625,3
0.375,3
0.375,2
0.125,1
0.25,2
0.25,2
0.5625,3
0.3125,3
0.25,2
0.4375,1
0.3125,2
0.375,2
0.4375,2
0.3125,3
0.3125,3
0.25,2
0.5625,5
0.4375,3
0.3125,3
0.1875,1
0.25,3
0.4375,4
0.4375,4
0.625,3
0.5625,5
0.375,3
0.1875,3
0.625,3
0.3125,3
0.25,2
0.5625,3
0.375,3
0.25,3
0.625,2
0.5,3
0.25,3
0.625,3
0.125,2
0.25,3
0.3125,2
0.5625,1
0.25,3
0.8125,3
0.25,3
0.1875,3
0.1875,2
0.125,2
0.3125,2
0.1875,3
0.4375,2
0.375,3
0.25,3
0.5625,4
0.25,3
0.375,4
0.5,3
0.25,3
0.1875,2
0.125,2
0.4375,2
0.1875,2
0.375,3
0.375,3
0.5,4
0.25,3
0.1875,2
0.125,2
0.125,2
0.125,2
0.3125,2
0.6875,4
0.4375,3
0.25,3
0.4375,3
0.4375,3
0.4375,3
0.625,3
0.3125,2
0.25,3
0.5,5
0.5,5
0.3125,2
0.375,1
0.5625,3
0.3125,3
0.5625,4
0.5625,3
0.625,4
0.6875,4
0.625,2
0.6875,4
0.1875,2
0.1875,2
0.375,3
0.1875,2
0.25,2
0.25,3
0.625,2
0.5625,5
0.125,3
0.3125,3
0.1875,3
0.25,2
0.125,3
0.3125,3
0.1875,3
0.25,2
0.25,2
0.125,3
0.25,2
0.125,3
0.3125,3
0.25,2
0.75,3
0.5,3
0.75,4
0.625,3
0.625,4
0.1875,1
0.6875,3
0.8125,3
0.625,3
0.4375,2
0.75,4
0.3125,3
0.1875,2
0.375,2
0.1875,2
0.3125,3
0.3125,3
0.5625,4
0.5625,4
0.625,4
0.5625,4
0.625,4
0.4375,3
0.1875,2
0.25,3
0.5,4
0.1875,3
0.25,3
0.375,2
0.5,4
0.25,3
0.5,3
0.6875,3
0.1875,2
0.1875,2
0.1875,2
0.1875,2
0.5625,3
0.5,4
0.6875,3
0.375,4
0.375,2
0.375,4
0.3125,3
0.3125,1
0.25,2
0.25,2
0.3125,3
0.375,3
0.3125,3
0.5625,4
0.25,2
0.375,3
0.375,3
0.3125,3
0.5625,3
0.625,4
0.3125,4
0.375,3
0.375,3
0.125,2
0.125,2
0.4375,2
0.1875,2
0.25,3
0.375,3
0.125,3
0.1875,3
0.1875,2
0.1875,3
0.1875,2
0.1875,2
0.375,2
0.1875,3
0.1875,2
0.25,2
0.25,2
0.3125,2
0.1875,2
0.1875,2
0.125,2
0.125,2
0.25,2
0.25,3
0.125,3
0.125,3
0.3125,3
0.75,4
0.25,3
0.375,2
0.1875,3
0.375,2
0.25,3
0.125,3
0.4375,2
0.625,4
0.75,4
0.25,2
0.1875,2
0.3125,3
0.625,3
0.25,3
0.625,3
0.75,4
0.1875,2
0.3125,3
0.125,3
0.1875,3
0.375,4
0.25,2
0.25,2
0.375,2
0.375,1
0.3125,3
0.3125,3
0.375,2
0.5625,3
0.375,2
0.375,3
0.5,0
0.3125,3
0.1875,2
0.375,3
0.375,2
0.375,3
0.5,4
0.3125,2
0.1875,2
0.125,2
0.1875,2
0.125,2
0.25,2
0.1875,2
0.3125,3
0.1875,3
0.1875,2
0.375,4
0.25,2
0.25,2
0.375,1
0.8125,4
0.4375,3
0.25,2
0.1875,2
0.3125,2
0.1875,3
0.125,3
0.3125,2
0.3125,2
0.25,2
0.3125,2
0.125,3
0.1875,2
0.125,3
0.375,3
0.25,4
0.3125,3
0.625,4
0.4375,3
0.625,4
0.1875,2
0.125,2
0.125,2
0.25,3
0.375,2
0.1875,3
0.375,3
0.1875,3
0.125,5
0.125,5
0.125,5
0.125,5
0.125,5
0.1875,3
0.3125,3
0.3125,2
0.25,3
0.6875,4
0.1875,1
0.125,5
0.25,2
0.5625,3
0.125,3
0.125,3
0.125,3
0.125,3
0.125,3
0.1875,3
0.3125,2
0.3125,2
0.5,3
0.5625,3
0.4375,3
0.125,3
0.125,3
0.3125,3
0.3125,2
0.6875,4
0.5,3
0.3125,2
0.5,2
0.375,3
0.625,2
0.4375,3
0.75,4
0.625,2
0.5625,4
0.375,3
0.5625,3
0.3125,3
0.1875,3
0.3125,3
0.1875,2
0.125,2
0.3125,2
0.125,2
0.25,3
0.1875,3
0.5,3
0.4375,2
0.4375,3
0.3125,2
0.5,2
0.375,2
0.375,3
0.4375,2
0.1875,2
0.4375,2
0.25,3
0.1875,2
0.1875,3
0.5,3
0.3125,3
0.4375,2
0.1875,2
0.25,2
0.25,2
0.25,4
0.25,0
0.125,2
0.125,2
0.6875,2
0.6875,2
0.4375,3
0.125,2
0.625,4
0.1875,2
0.125,2
0.25,2
0.4375,3
0.5625,2
0.375,2
0.25,3
0.3125,2
0.375,2
0.375,2
0.5,3
0.6875,4
0.1875,3
0.25,3
0.25,2
0.3125,2
0.25,3
0.375,2
0.25,2
0.375,3
0.375,3
0.375,1
0.25,2
0.4375,2
0.375,3
0.4375,2
0.25,3
0.25,3
0.25,2
0.25,3
0.3125,3
0.25,3
0.1875,2
0.25,2
0.1875,2
0.25,2
0.25,2
0.1875,2
0.1875,2
0.25,2
0.1875,3
0.4375,2
0.25,2
0.6875,3
0.125,2
0.125,2
0.4375,2
0.1875,2
0.1875,2
0.375,3
0.1875,3
0.25,3
0.125,2
0.125,2
0.125,2
0.3125,2
0.25,3
0.125,2
0.625,1
0.4375,2
0.625,3
0.375,1
0.1875,2
0.6875,4
0.3125,2
0.1875,2
0.6875,4
0.3125,2
0.1875,2
0.25,2
0.1875,3
0.625,2
0.5,2
0.25,3
0.25,3
0.625,3
0.4375,3
0.3125,2
0.4375,3
0.3125,2
0.375,2
0.1875,2
0.25,2
0.25,2
0.1875,2
0.5625,4
0.375,3
0.3125,3
0.25,3
0.4375,2
0.1875,2
0.625,3
0.6875,3
0.25,2
0.4375,3
0.375,3
0.375,1
0.4375,2
0.625,1
0.625,3
0.4375,3
0.6875,1
0.5,3
0.6875,4
0.25,3
0.625,3
0.5625,2
0.25,2
0.25,2
0.1875,4
0.1875,4
0.1875,4
0.1875,4
0.1875,4
0.1875,2
0.1875,2
0.1875,4
0.1875,4
0.1875,2
0.1875,4
0.1875,2
0.4375,3
0.25,3
0.5,3
0.3125,2
0.25,2
0.3125,3
0.25,4
0.25,2
0.25,2
0.25,3
0.25,3
0.75,3
0.25,2
0.25,3
0.25,3
0.25,3
0.25,2
0.625,3
0.625,3
0.25,2
0.25,3
0.1875,2
0.375,3
0.25,2
0.3125,2
0.3125,2
0.375,2
0.6875,3
0.5625,4
0.5625,2
0.6875,3
0.3125,4
0.375,3
0.6875,3
0.375,3
0.5625,2
0.3125,3
0.3125,2
0.5625,3
0.375,3
0.75,4
0.375,3
0.3125,3
0.5625,4
0.3125,3
0.5625,4
0.1875,1
0.125,2
0.125,2
0.25,4
0.5625,3
0.25,4
0.5625,3
0.25,3
0.25,2
0.25,2
0.25,3
0.25,2
0.1875,1
0.4375,3
0.25,3
0.1875,2
0.25,2
0.125,2
0.375,2
0.125,2
0.4375,4
0.1875,1
0.4375,3
0.4375,3
0.1875,2
0.125,3
0.375,4
0.25,2
0.1875,2
0.375,3
0.3125,3
0.375,2
0.1875,3
0.1875,2
0.1875,3
0.1875,2
0.1875,3
0.5625,3
0.1875,2
0.375,3
0.1875,2
0.4375,2
0.375,3
0.0625,3
0.1875,3
0.375,4
0.3125,3
0.375,3
0.3125,2
0.375,4
0.1875,1
0.25,3
0.4375,3
0.25,3
0.125,2
0.375,3
0.375,3
0.25,2
0.25,2
0.25,2
0.25,2
0.25,2
0.25,2
0.25,2
0.75,4
0.375,4
0.4375,3
0.3125,3
0.75,4
0.6875,4
0.3125,3
0.4375,4
0.25,3
0.75,5
0.6875,4
0.75,4
0.25,2
0.1875,2
0.1875,2
0.25,3
0.6875,4
0.3125,2
0.1875,2
0.1875,2
0.3125,3
0.1875,2
0.625,4
0.1875,2
0.75,4
0.6875,3
0.5,3
0.625,4
0.125,2
0.125,1
0.75,4
0.625,3
0.375,2
0.3125,3
0.5,3
0.25,2
0.25,3
0.25,2
0.25,3
0.25,2
0.3125,2
0.1875,3
0.375,2
0.1875,3
0.75,5
0.125,2
0.375,2
0.4375,2
0.1875,1
0.25,2
0.25,3
0.375,3
0.25,2
0.6875,5
0.375,2
0.25,3
0.3125,3
0.125,1
0.4375,3
0.6875,3
0.25,2
0.3125,2
0.25,3
0.125,3
0.4375,4
0.5,3
0.75,4
0.375,3
0.5625,2
0.25,2
0.1875,2
0.3125,3
0.25,2
0.375,3
0.25,2
0.1875,2
0.3125,2
0.1875,2
0.1875,3
0.375,3
0.4375,3
0.375,4
0.1875,2
0.5625,1
0.375,0
0.625,3
0.6875,3
0.625,3
0.3125,3
0.1875,2
0.25,1
0.25,1
0.375,3
0.375,5
0.5,3
0.375,5
0.125,2
0.3125,1
0.3125,1
0.5625,1
0.625,5
0.4375,5
0.3125,3
0.25,4
0.25,3
0.125,2
0.375,2
0.1875,2
0.625,3
0.625,3
0.375,3
0.3125,1
0.375,1
0.3125,3
0.75,3
0.25,2
0.25,2
0.75,3
0.5,3
0.1875,2
0.375,1
0.3125,3
0.1875,3
0.25,1
0.375,1
0.1875,1
0.3125,2
0.3125,3
0.1875,2
0.25,2
0.1875,2
0.875,4
0.25,2
0.1875,2
0.3125,3
0.1875,2
0.3125,3
0.5,3
0.3125,3
0.5,3
0.3125,3
0.25,2
0.1875,2
0.25,2
0.125,3
0.1875,3
0.3125,1
0.25,2
0.3125,3
0.25,2
0.3125,3
0.3125,2
0.5625,3
0.1875,2
0.3125,2
0.1875,2
0.3125,2
0.3125,2
0.3125,3
0.375,3
0.4375,3
0.25,2
0.25,2
0.5,4
0.4375,3
0.1875,2
0.25,3
0.4375,3
0.4375,3
0.25,3
0.1875,2
0.1875,2
0.25,2
0.25,2
0.375,4
0.125,2
0.125,2
0.125,2
0.375,3
0.3125,3
0.25,2
0.25,2
0.5625,4
0.4375,3
0.3125,3
0.5,4
0.3125,2
0.1875,3
0.5,4
0.25,3
0.25,3
0.375,2
0.3125,3
0.25,3
0.25,3
0.1875,2
0.3125,3
0.125,2
0.625,3
0.625,3
0.1875,3
0.3125,3
0.25,2
0.1875,3
0.25,1
0.25,1
0.375,2
0.4375,2
0.125,2
0.125,2
0.5625,3
0.125,2
0.3125,2
0.25,1
0.25,1
0.25,3
0.25,3
0.25,3
0.6875,4
0.3125,3
0.1875,2
0.1875,3
0.25,3
0.3125,3
0.3125,2
0.6875,4
0.625,4
0.375,3
0.25,3
0.625,4
0.1875,2
0.25,2
0.5625,4
0.375,5
0.5625,2
0.25,2
0.375,5
0.5625,4
0.375,3
0.3125,3
0.1875,2
0.375,3
0.25,1
0.25,1
0.4375,2
0.4375,4
0.4375,3
0.1875,3
0.25,3
0.25,3
0.3125,2
0.4375,2
0.4375,3
0.4375,2
0.1875,3
0.5,3
0.5,3
0.25,2
0.25,2
0.25,3
0.1875,2
0.25,2
0.25,3
0.25,2
0.5,4
0.5,4
0.5,4
0.125,2
0.5,4
0.5,4
0.25,2
0.5,3
0.25,2
0.5,3
0.25,2
0.4375,3
0.125,2
0.6875,4
0.5625,2
0.25,3
0.375,3
0.5625,2
0.6875,3
0.3125,2
0.25,2
0.375,2
0.125,3
0.25,2
0.25,2
0.75,4
0.1875,3
0.375,2
0.1875,4
0.1875,4
0.1875,4
0.1875,4
0.1875,4
0.1875,4
0.1875,3
0.1875,4
0.25,1
0.3125,3
0.5,4
0.4375,2
0.4375,2
0.875,4
0.4375,2
0.3125,2
0.625,3
0.3125,2
0.1875,3
0.5625,4
0.25,2
0.625,3
0.5625,4
0.5625,4
0.625,3
0.4375,3
0.4375,3
0.4375,3
0.625,3
0.25,2
0.25,2
0.5625,4
0.25,2
0.625,2
0.375,4
0.375,4
0.375,4
0.5625,4
0.25,3
0.125,2
0.25,2
0.5625,4
0.375,4
0.625,2
0.0,2
0.375,4
0.4375,4
0.375,3
0.4375,2
0.375,3
0.625,4
0.125,2
0.1875,2
0.125,2
0.75,3
0.1875,2
0.125,2
0.625,3
0.5625,3
0.625,3
0.4375,2
0.25,2
0.375,2
0.375,3
0.3125,4
0.4375,4
0.1875,2
0.375,3
0.375,3
0.25,2
0.1875,2
0.8125,4
0.125,2
0.25,2
0.3125,2
0.3125,1
0.5,4
0.375,4
0.6875,3
0.1875,3
0.5625,3
0.4375,3
0.5,5
0.75,4
0.1875,2
0.8125,4
0.5,4
0.75,3
0.1875,2
0.8125,4
0.8125,4
0.25,4
0.625,3
0.375,4
0.375,4
0.5,3
0.625,3
0.25,2
0.1875,3
0.8125,3
0.1875,3
0.6875,3
0.25,2
0.5,3
0.5,4
0.8125,3
0.1875,2
0.1875,3
0.1875,3
0.1875,3
0.4375,3
0.3125,3
0.375,3
0.4375,3
0.5625,3
0.125,3
0.4375,2
0.3125,3
0.1875,3
0.5625,4
0.125,2
0.125,2
0.125,2
0.25,3
0.25,3
0.25,3
0.125,2
0.1875,3
0.125,2
0.125,2
0.3125,2
0.1875,2
0.1875,3
0.25,3
0.3125,3
0.125,2
0.4375,3
0.3125,3
0.4375,3
0.625,4
0.1875,2
0.6875,4
0.375,3
0.4375,3
0.375,2
0.3125,3
0.375,3
0.3125,3
0.5625,4
0.1875,2
0.25,2
0.3125,2
0.5625,4
0.375,3
0.3125,3
0.375,3
0.3125,4
0.1875,2
0.6875,4
0.1875,3
0.1875,2
0.25,3
0.375,3
0.375,3
0.75,4
0.4375,3
0.3125,3
0.625,5
0.3125,3
0.625,5
0.625,3
0.75,3
0.625,5
0.4375,2
0.1875,2
0.3125,3
0.1875,2
0.1875,3
0.375,3
0.375,3
0.125,2
0.4375,2
0.6875,3
0.25,3
0.5,3
0.625,3
0.25,3
0.6875,3
0.4375,2
0.125,4
0.4375,3
0.8125,4
0.75,4
0.625,5
0.625,5
0.5625,5
0.5625,3
0.75,4
0.5625,2
0.6875,2
0.625,3
0.375,3
0.375,3
0.375,3
0.1875,2
0.6875,3
0.1875,2
0.25,2
0.25,2
0.375,3
0.1875,2
0.25,2
0.875,4
0.25,2
0.4375,5
0.875,4
0.25,2
0.5625,4
0.6875,4
0.1875,2
0.25,2
0.375,3
0.5625,5
0.4375,5
0.4375,3
0.125,2
0.125,2
0.25,3
0.6875,4
0.6875,4
0.4375,2
0.3125,3
0.6875,4
0.8125,4
0.5,2
0.4375,2
0.8125,4
0.1875,1
0.5625,3
0.1875,2
0.3125,2
0.375,2
0.6875,3
0.25,3
0.375,3
0.1875,3
0.5625,4
0.5625,4
0.5,2
0.4375,2
0.25,2
0.5,3
0.5625,4
0.5,3
0.375,3
0.1875,3
0.375,3
0.5,4
0.5,4
0.5,3
0.375,3
0.3125,3
0.3125,3
0.4375,2
0.4375,4
0.5,4
0.625,2
0.3125,2
0.25,2
0.1875,2
0.3125,2
0.625,2
0.4375,3
0.5,3
0.5,4
0.625,4
0.75,5
0.5,4
0.375,3
0.375,3
0.5,3
0.6875,3
0.6875,3
0.4375,3
0.375,3
0.625,4
0.75,4
0.4375,2
0.6875,3
0.75,4
0.5625,3
0.625,4
0.6875,5
0.6875,4
0.5625,3
0.4375,2
0.1875,2
0.75,3
0.625,3
0.4375,2
0.625,4
0.3125,2
0.875,4
0.75,4
0.75,3
0.375,2
0.5625,2
0.375,1
0.8125,3
0.6875,5
0.375,3
0.1875,2
0.625,4
0.625,4
0.3125,2
0.375,2
0.1875,2
0.5,2
0.1875,2
0.375,3
0.625,4
0.25,2
0.5625,3
0.4375,4
0.3125,2
0.1875,2
0.5625,3
0.5625,3
0.5625,3
0.25,2
0.25,2
0.625,4
0.1875,2
0.5625,3
0.5625,3
0.75,3
0.875,4
0.5,3
0.4375,2
0.4375,1
0.375,3
0.8125,5
0.4375,3
0.1875,3
0.3125,2
0.625,5
0.625,4
0.625,4
0.1875,3
0.5625,5
0.625,5
0.375,3
0.4375,3
0.3125,2
0.5625,1
0.3125,2
0.3125,2
0.3125,5
0.3125,5
0.4375,3
0.4375,2
0.1875,2
0.3125,5
0.4375,3
0.9375,5
0.5,3
0.5,3
0.25,3
0.1875,3
0.1875,2
0.3125,2
0.1875,2
0.1875,2
0.6875,4
0.5625,2
0.625,3
0.625,3
0.3125,2
0.8125,4
0.5,4
0.5,3
0.1875,2
0.8125,4
0.4375,2
0.8125,5
0.1875,3
0.1875,3
0.5625,2
0.5,3
0.5625,2
0.3125,2
0.375,3
0.1875,3
0.3125,3
0.5,3
0.6875,3
0.25,3
0.25,3
0.6875,4
0.6875,4
0.375,4
0.375,3
0.625,3
0.75,3
0.4375,4
0.4375,4
0.4375,4
0.5625,4
0.5,3
0.75,4
0.5625,4
0.375,4
0.4375,4
0.4375,4
0.75,3
0.6875,5
0.5625,3
0.875,4
0.4375,4
0.4375,4
0.375,4
0.5625,4
0.5625,4
0.5,3
0.6875,3
0.5,3
0.75,4
0.8125,4
0.125,3
0.25,2
0.625,3
0.6875,3
0.4375,3
0.5,3
0.5625,3
0.4375,3
0.625,3
0.625,5
0.5625,3
0.625,3
0.4375,1
0.25,2
0.5,3
0.4375,3
0.5,4
0.375,3
0.375,2
0.375,3
0.625,5
0.625,5
0.1875,3
0.4375,2
0.25,3
0.25,3
0.5625,4
0.375,2
0.25,3
0.5625,3
0.125,3
0.4375,2
0.25,3
0.25,3
0.1875,3
0.375,3
0.3125,3
0.6875,3
0.625,2
0.625,3
0.25,2
0.25,1
0.25,2
0.375,4
0.25,2
0.625,3
0.75,3
0.875,2
0.75,2
0.1875,2
0.375,3
0.375,2
0.375,2
0.75,5
0.375,2
0.1875,2
0.3125,3
0.1875,2
0.4375,1
0.6875,3
0.75,5
0.75,5
0.6875,4
0.5625,3
0.625,2
0.375,2
0.6875,4
0.125,2
0.1875,2
0.6875,2
0.625,2
0.375,3
0.375,2
0.625,3
0.9375,4
0.5625,3
0.375,3
0.9375,4
0.3125,0
0.6875,3
0.625,4
0.5625,3
0.25,3
0.5625,3
0.625,4
0.3125,3
0.3125,3
0.5625,4
0.625,2
0.5,4
0.6875,4
0.4375,4
0.4375,3
0.375,3
0.625,4
0.5,2
0.5,3
0.5625,3
0.4375,3
0.375,2
0.375,1
0.625,3
0.625,4
0.375,2
0.1875,3
0.5625,3
0.5625,3
0.5,4
0.625,4
0.8125,4
0.4375,2
0.1875,3
0.375,2
0.8125,3
0.6875,2
0.1875,3
0.375,2
0.5,4
0.5,2
0.625,3
0.625,3
0.75,3
0.125,2
0.5625,3
0.75,3
0.5,3
0.125,3
0.5,2
0.5,3
0.4375,3
0.1875,3
0.125,3
0.75,4
0.625,3
0.5,2
0.125,3
0.125,3
0.125,3
0.375,3
0.125,3
0.375,3
0.9375,3
0.125,3
0.8125,3
0.6875,3
0.75,3
0.625,4
0.25,2
0.625,4
0.75,4
0.375,3
0.8125,3
0.25,2
0.625,4
0.75,4
0.625,3
0.625,3
0.75,3
0.6875,4
0.75,3
0.3125,3
0.4375,3
0.625,3
0.6875,5
0.6875,5
0.6875,5
0.375,3
0.625,3
0.375,2
0.25,3
0.375,1
0.6875,3
0.625,3
0.3125,2
0.6875,3
0.5625,4
0.5,3
0.4375,1
0.75,4
0.5,5
0.375,2
0.75,4
0.5625,3
0.625,3
0.3125,2
0.5,2
0.4375,3
0.5,4
0.75,3
0.5,4
0.625,4
0.6875,4
0.75,3
0.75,4
0.5,4
0.1875,2
0.6875,4
0.8125,4
0.4375,3
0.4375,2
0.4375,2
0.1875,2
0.625,3
0.625,2
0.4375,3
0.6875,3
0.5625,3
0.5,2
0.1875,2
0.3125,1
0.75,4
0.8125,2
0.8125,3
0.625,3
0.625,3
0.5,3
0.875,4
0.3125,3
0.25,3
0.25,3
0.5,4
0.25,3
0.5625,3
0.75,2
0.625,3
0.375,3
0.5,3
0.75,3
0.5,4
0.3125,2
0.6875,4
0.5,3
0.75,4
0.5625,3
0.6875,4
0.875,4
0.3125,2
0.5625,3
0.5625,3
0.5,4
0.5,4
0.5625,3
0.3125,3
0.75,5
0.625,5
0.5625,2
0.1875,3
0.1875,3
0.1875,3
0.1875,3
0.1875,3
0.1875,3
0.8125,2
0.1875,4
0.75,5
0.25,3
0.0,0
0.625,3
0.375,3
0.75,3
0.25,2
0.375,2
0.625,4
0.5625,4
0.625,4
0.4375,2
0.3125,1
0.6875,5
0.5,4
0.25,2
0.5625,3
0.375,2
0.75,3
0.3125,4
0.25,3
0.6875,3
0.4375,4
0.4375,4
0.4375,4
0.25,3
0.25,2
0.5625,2
0.8125,5
0.25,2
0.625,4
0.3125,3
0.25,2
0.25,2
0.1875,2
0.625,3
0.6875,4
0.5625,2
0.8125,5
0.6875,3
0.875,4
0.75,4
0.75,4
0.75,4
0.5,0
0.4375,3
0.6875,4
0.8125,4
0.5,4
0.8125,4
0.625,4
0.1875,3
0.75,4
0.625,3
0.5,3
0.6875,4
0.375,2
0.375,2
0.75,3
0.75,4
0.625,3
0.5625,3
0.75,4
0.375,2
0.375,4
0.5625,2
0.5,3
0.3125,3
0.375,3
0.6875,4
0.3125,3
0.5625,3
0.25,3
0.25,3
0.25,3
0.4375,3
0.25,3
0.75,3
0.25,3
0.5,2
0.25,4
0.25,3
0.4375,3
0.4375,3
0.4375,3
0.4375,3
0.3125,3
0.5625,3
0.75,3
0.75,3
0.6875,3
0.625,4
0.6875,3
0.4375,3
0.5625,4
0.75,3
0.6875,3
0.5625,4
0.3125,3
0.5625,3
0.75,3
0.5625,3
0.6875,4
0.6875,3
0.8125,3
0.375,3
0.5625,4
0.8125,3
0.6875,3
0.5,3
0.8125,4
0.25,2
0.375,3
0.375,3
0.5625,3
0.75,5
0.1875,2
0.6875,4
0.4375,4
0.6875,4
0.5,3
0.4375,3
0.625,3
0.75,5
0.1875,2
0.75,3
0.75,4
0.6875,3
0.6875,5
0.6875,3
0.6875,3
0.1875,2
0.1875,2
0.4375,3
0.375,3
0.25,2
0.5,3
0.4375,3
0.5,2
0.4375,3
0.5625,2
0.5,3
0.375,3
0.5,3
0.25,2
0.375,3
0.5,0
0.5625,4
0.3125,3
0.3125,3
0.125,3
0.5625,4
0.75,4
0.3125,3
0.8125,1
0.3125,3
0.75,4
0.0625,2
0.75,5
0.8125,5
0.1875,2
0.75,3
0.1875,3
0.1875,3
0.5,3
0.75,3
0.1875,2
0.1875,3
0.1875,3
0.5625,2
0.8125,4
0.75,3
0.6875,3
0.5625,3
0.25,2
0.1875,2
0.25,2
0.625,2
0.5,2
0.625,4
0.5625,3
0.1875,2
0.6875,5
0.375,3
0.1875,3
0.8125,4
0.6875,5
0.5625,4
0.5625,4
0.3125,2
0.5,3
0.6875,2
0.6875,3
0.4375,2
0.5,4
0.9375,4
0.1875,3
0.375,3
0.5625,5
0.8125,3
0.8125,4
0.25,2
0.8125,3
0.8125,3
0.125,2
0.8125,5
0.1875,3
0.5625,5
0.375,3
0.375,3
0.75,5
0.25,3
0.3125,3
0.875,5
0.625,4
0.3125,3
0.8125,4
0.75,5
0.375,2
0.875,5
0.8125,4
0.875,5
0.375,4
0.625,3
0.25,3
0.625,3
0.5625,5
0.625,4
0.5,3
0.8125,4
0.8125,4
0.4375,3
0.5625,4
0.5625,4
0.625,3
0.375,3
0.8125,4
0.8125,4
0.4375,3
0.1875,2
0.875,4
0.5625,4
0.5,4
0.4375,3
0.875,4
0.1875,2
0.3125,3
0.375,3
0.625,4
0.5,3
0.8125,3
0.875,3
0.6875,4
0.875,4
0.9375,4
0.5,2
0.875,4
0.1875,2
0.5625,4
0.25,2
0.1875,2
0.5625,3
0.5625,3
0.6875,3
0.3125,3
0.5,1
0.8125,4
0.25,2
0.1875,2
0.625,3
0.4375,3
0.25,2
0.1875,2
0.4375,3
0.3125,2
0.6875,4
0.75,3
0.8125,3
0.5,3
0.25,3
0.5,3
0.5,3
0.1875,3
0.25,3
0.1875,3
0.6875,3
0.5,3
0.3125,3
0.1875,3
0.1875,3
0.1875,3
0.5,3
0.3125,3
0.6875,4
0.5,3
0.1875,3
0.625,1
0.8125,3
0.1875,2
0.6875,3
0.1875,2
0.8125,3
0.5,3
0.75,3
0.5625,3
0.5625,4
0.5,3
0.5625,3
0.375,1
0.75,3
0.625,3
0.3125,3
0.5,4
0.4375,2
0.5625,4
0.5,1
0.5625,4
0.5,2
0.75,4
0.6875,3
0.375,3
0.5625,4
0.625,4
0.4375,4
0.25,3
0.25,3
0.25,3
0.625,4
0.4375,2
0.4375,4
0.4375,4
0.4375,4
0.6875,4
0.625,4
0.4375,3
0.6875,4
0.25,3
0.3125,3
0.375,4
0.375,3
0.75,4
0.75,3
0.25,2
0.1875,2
0.5,3
0.1875,3
0.1875,3
0.25,2
0.5,3
0.4375,3
0.1875,3
0.1875,2
0.75,3
0.1875,2
0.5625,2
0.3125,4
0.4375,3
0.4375,4
0.3125,4
0.75,3
0.4375,3
0.75,4
0.1875,2
0.5625,2
0.25,2
0.25,3
0.25,3
0.4375,3
0.4375,3
0.125,3
0.4375,3
0.5,4
0.6875,3
0.5625,4
0.5,4
0.75,4
0.3125,3
0.5,3
0.375,3
0.375,3
0.5,3
0.5625,4
0.5625,3
0.6875,4
0.75,4
0.5,2
0.6875,3
0.375,1
0.125,3
0.25,3
0.125,3
0.375,3
0.8125,4
0.6875,4
0.375,5
0.4375,4
0.8125,5
0.8125,5
0.3125,3
0.375,1
0.6875,3
0.8125,5
0.8125,5
0.375,4
0.8125,5
0.5,2
0.75,4
0.25,3
0.8125,4
0.8125,5
0.875,4
0.1875,2
0.375,3
0.875,4
0.6875,3
0.125,2
0.375,4
0.375,3
0.75,5
0.5625,4
0.375,3
0.75,4
0.375,3
0.3125,2
0.4375,2
0.75,3
0.75,5
0.5625,4
0.5625,3
0.375,4
0.75,4
0.125,2
0.5,3
0.5625,4
0.375,3
0.5625,3
0.3125,2
0.3125,2
0.1875,2
0.1875,3
0.1875,3
0.1875,3
0.1875,3
0.625,3
0.75,3
0.1875,2
0.3125,2
0.875,2
0.1875,3
0.1875,2
0.125,2
0.3125,1
0.1875,3
0.5,2
0.1875,3
0.1875,2
0.25,2
0.625,4
0.3125,2
0.3125,2
0.4375,4
0.5625,3
0.6875,3
0.5625,4
0.4375,4
0.875,4
0.375,2
0.1875,3
0.5625,3
0.375,2
0.75,3
0.125,2
0.875,3
0.75,1
0.1875,2
0.375,3
0.1875,4
0.1875,4
0.1875,4
0.1875,4
0.1875,4
0.1875,4
0.1875,4
0.625,2
0.1875,3
0.1875,2
0.5,3
0.1875,4
0.3125,2
0.4375,2
0.4375,2
0.875,5
0.5,3
0.3125,2
0.4375,2
0.4375,2
0.5,3
0.5,3
0.5,4
0.4375,2
0.5625,2
0.875,5
0.25,2
0.25,2
0.25,2
0.4375,3
0.25,2
0.625,1
0.375,3
0.4375,3
0.875,2
0.25,2
0.6875,3
0.6875,2
0.6875,3
0.5625,4
0.75,4
0.25,2
0.4375,3
0.5,3
0.25,2
0.3125,3
0.8125,4
0.125,2
0.25,2
0.25,2
0.25,3
0.25,2
0.25,2
0.375,3
0.3125,3
0.3125,2
0.3125,3
0.25,3
0.1875,2
0.4375,2
0.5625,2
0.375,2
0.5,3
0.4375,2
0.4375,3
0.375,2
0.5,3
0.1875,2
0.375,2
0.375,3
0.4375,3
0.375,0
0.5,2
0.4375,2
0.5625,2
0.375,2
0.8125,4
0.3125,2
0.5625,3
0.5625,3
0.5625,3
0.4375,2
0.375,3
0.75,3
0.25,2
0.5625,4
0.8125,3
0.5625,3
0.5625,2
0.5625,3
0.8125,4
0.5625,4
0.25,2
0.25,2
0.25,3
0.1875,2
0.0625,2
0.6875,3
0.6875,3
0.1875,2
0.0625,2
0.625,3
0.5,3
0.625,3
0.8125,4
0.625,3
0.1875,2
0.75,3
0.1875,2
0.375,3
0.4375,2
0.75,3
0.9375,4
0.625,3
0.75,4
0.6875,3
0.5625,3
0.625,3
0.375,3
0.75,3
0.1875,2
0.1875,2
0.25,3
0.3125,3
0.3125,3
0.8125,4
0.8125,3
0.5,3
0.1875,2
0.25,3
0.25,3
0.375,3
0.3125,3
0.125,1
0.1875,2
0.25,2
0.3125,4
0.375,2
0.5625,2
0.25,2
0.5,1
0.125,3
0.125,3
0.4375,2
0.6875,3
0.125,3
0.75,3
0.6875,3
0.75,3
0.125,3
0.4375,3
0.5625,3
0.4375,2
0.4375,2
0.1875,2
0.6875,3
0.6875,3
0.375,3
0.375,3
0.5,4
0.4375,2
0.1875,2
0.875,1
0.5625,3
0.5625,3
0.9375,4
0.75,4
0.75,4
0.75,4
0.5,4
0.5,4
0.875,3
0.1875,3
0.75,4
0.5,3
0.5,4
0.9375,4
0.875,3
0.25,2
0.9375,4
0.8125,3
0.5,3
0.375,2
0.75,4
0.3125,2
0.3125,2
0.375,2
0.3125,3
0.5625,2
0.1875,2
0.1875,2
0.6875,3
0.875,3
0.5625,5
0.5,1
0.4375,3
0.25,2
0.375,3
0.1875,2
0.625,3
0.5,3
0.1875,2
0.3125,2
0.5,3
0.3125,3
0.5,3
0.5,3
0.75,3
0.75,4
0.1875,2
0.1875,2
0.3125,2
0.125,2
0.5,3
0.4375,4
0.125,2
0.5,3
0.375,2
0.625,2
0.25,3
0.25,3
0.3125,3
0.1875,2
0.8125,4
0.625,4
0.125,2
0.5,1
0.25,3
0.25,1
0.25,3
0.375,3
0.3125,4
0.375,3
0.375,3
0.25,1
0.25,3
0.625,4
0.75,4
0.8125,3
0.375,4
0.375,3
0.4375,2
0.4375,4
0.625,4
0.375,3
0.75,4
0.3125,3
0.3125,3
0.25,3
0.5625,3
0.3125,3
0.25,3
0.1875,2
0.375,4
0.5,4
0.5,4
0.6875,2
0.5,4
0.75,4
0.375,3
0.375,3
0.375,3
0.25,2
0.1875,3
0.5,3
0.6875,4
0.5,3
0.75,3
0.25,2
0.1875,3
0.4375,3
0.5625,3
0.75,4
0.375,3
0.3125,3
0.0625,3
0.1875,2
0.1875,2
0.5625,3
0.0625,3
0.1875,2
0.0625,1
0.1875,2
0.1875,2
0.375,3
0.5625,3
0.6875,3
0.375,3
0.1875,2
0.6875,3
0.5,3
0.5625,2
0.25,2
0.1875,2
0.5,3
0.1875,2
0.5,3
0.3125,2
0.3125,2
0.25,2
0.6875,1
0.25,2
0.1875,2
0.125,4
0.125,4
0.125,4
0.125,4
0.1875,4
0.4375,3
0.4375,3
0.5625,3
0.125,4
0.625,3
0.1875,2
0.125,4
0.1875,4
0.625,3
0.4375,2
0.5625,3
0.4375,3
0.5625,3
0.3125,2
0.3125,2
0.5,3
0.25,2
0.75,2
0.8125,5
0.625,3
0.4375,2
0.625,3
0.4375,3
0.3125,2
0.625,3
0.375,4
0.0625,2
0.3125,1
0.25,3
0.375,2
0.5,3
0.5,3
0.375,3
0.3125,3
0.25,3
0.4375,3
0.3125,2
0.5625,5
0.5625,3
0.1875,3
0.25,3
0.5625,3
0.25,3
0.125,3
0.3125,3
0.1875,3
0.1875,3
0.75,4
0.1875,3
0.25,2
0.3125,3
0.5,2
0.1875,3
0.4375,3
0.3125,2
0.3125,2
0.625,4
0.75,4
0.5,4
0.25,2
0.6875,3
0.6875,3
0.5625,3
0.5625,2
0.5625,3
0.5,3
0.5,3
0.5625,3
0.625,3
0.125,3
0.125,3
0.625,5
0.625,4
0.1875,2
0.1875,3
0.125,3
0.75,3
0.5625,4
0.3125,2
0.3125,2
0.375,2
0.375,2
0.875,4
0.5,3
0.1875,2
0.1875,2
0.4375,3
0.75,3
0.5625,2
0.75,3
0.1875,2
0.75,3
0.5,4
0.375,3
0.375,3
0.4375,3
0.4375,3
0.375,3
0.375,3
0.25,4
0.5,4
0.25,3
0.9375,4
0.25,2
0.75,3
0.25,3
0.25,2
0.25,2
0.25,2
0.25,2
0.125,4
0.125,4
0.125,4
0.125,4
0.125,4
0.125,4
0.375,2
0.4375,2
0.625,4
0.6875,4
0.8125,5
0.6875,3
0.75,4
0.125,4
0.625,2
0.5625,3
0.1875,2
0.1875,3
0.5,4
0.375,3
0.4375,3
0.5625,4
0.25,2
0.1875,3
0.5,3
0.3125,3
0.625,4
0.75,4
0.25,2
0.375,2
0.6875,3
0.5625,3
0.25,2
0.625,3
0.5,2
0.375,3
0.6875,3
0.375,3
0.875,5
0.75,3
0.3125,2
0.1875,2
0.6875,3
0.75,3
0.625,3
0.8125,3
0.3125,2
0.375,3
0.625,3
0.375,3
0.4375,4
0.5,3
0.625,3
0.3125,3
0.3125,3
0.125,1
0.3125,1
0.25,2
0.25,2
0.25,2
0.1875,1
0.6875,3
0.25,2
0.5625,3
0.6875,3
0.1875,1
0.5,1
0.75,4
0.4375,2
0.375,4
0.3125,4
0.3125,3
0.5,3
0.3125,3
0.75,3
0.6875,3
0.375,3
0.375,3
0.1875,2
0.1875,2
0.375,2
0.1875,2
0.625,4
0.3125,3
0.5,3
0.4375,4
0.625,3
0.1875,2
0.1875,2
0.6875,3
0.3125,3
0.5625,3
0.375,3
0.3125,3
0.3125,3
0.3125,3
0.5,1
0.4375,2
0.1875,2
0.1875,2
0.625,2
0.6875,3
0.6875,3
0.5,3
0.75,4
0.6875,3
0.6875,3
0.6875,3
0.5,3
0.75,4
0.75,4
0.6875,3
0.25,2
0.3125,3
0.25,2
0.125,3
0.125,3
0.125,3
0.125,3
0.8125,4
0.375,2
0.3125,1
0.375,3
0.125,3
0.3125,2
0.3125,2
0.5,3
0.5,3
0.5,3
0.5,3
0.3125,2
0.375,3
0.25,3
0.3125,2
0.25,2
0.5,3
0.25,2
0.4375,2
0.25,2
0.5,3
0.5,3
0.6875,3
0.25,3
0.25,2
0.25,2
0.3125,3
0.75,3
0.4375,3
0.375,3
0.4375,3
0.5,4
0.625,3
0.75,3
0.375,3
0.625,2
0.75,3
0.5625,3
0.625,4
0.8125,4
0.25,2
0.6875,4
0.625,4
0.8125,4
0.25,2
0.4375,3
0.375,4
0.5625,3
0.5625,3
0.25,2
0.1875,2
0.25,2
0.5,2
0.25,2
0.25,2
0.1875,2
0.125,5
0.125,5
0.125,5
0.125,5
0.125,5
0.125,5
0.125,5
0.375,5
0.125,5
0.3125,3
0.5625,3
0.375,3
0.1875,3
0.5,3
0.1875,3
0.5625,4
0.1875,3
0.25,2
0.8125,3
0.75,3
0.4375,2
0.5625,3
0.5,3
0.75,3
0.4375,2
0.5625,3
0.25,2
0.3125,3
0.4375,2
0.625,3
0.75,3
0.25,2
0.5,3
0.1875,2
0.75,3
0.25,2
0.4375,3
0.5,3
0.25,2
0.1875,2
0.5625,3
0.75,3
0.25,2
0.5,3
0.25,2
0.5625,3
0.125,2
0.25,2
0.5,3
0.6875,3
0.5,3
0.5625,3
0.25,2
0.25,2
0.5,3
0.5,3
0.1875,3
0.4375,1
0.1875,2
0.25,2
0.1875,2
0.375,3
0.4375,3
0.25,2
0.3125,2
0.3125,2
0.3125,2
0.25,2
0.3125,2
0.6875,3
0.6875,3
0.25,2
0.25,2
0.25,2
0.75,4
0.5,3
0.25,2
0.75,4
0.25,2
0.8125,4
0.5625,4
0.8125,4
0.5625,4
0.1875,2
0.3125,2
0.375,3
0.125,3
0.125,3
0.125,3
0.125,3
0.375,3
0.375,3
0.125,3
0.3125,3
0.3125,3
0.3125,2
0.6875,3
0.4375,3
0.125,2
0.8125,3
0.75,3
0.25,2
0.5,3
0.5625,3
0.625,3
0.5625,3
0.375,2
0.3125,2
0.1875,2
0.6875,3
0.1875,2
0.3125,2
0.5625,3
0.5625,3
0.8125,3
0.75,3
0.375,2
0.4375,3
0.375,3
0.25,2
0.3125,2
0.75,3
0.25,3
0.1875,2
0.1875,2
0.1875,2
0.8125,4
0.3125,2
0.25,3
0.4375,3
0.875,3
0.75,3
0.1875,2
0.1875,2
0.5,2
0.375,2
0.5625,3
0.4375,3
0.5625,3
0.6875,3
0.5,2
0.3125,2
0.3125,3
0.6875,3
0.75,3
0.25,2
0.25,2
0.1875,2
0.75,2
0.25,2
0.6875,3
0.25,1
0.1875,2
0.75,3
0.3125,3
0.5,3
0.8125,3
0.8125,3
0.625,3
0.8125,3
0.625,3
0.4375,3
0.5625,3
0.375,3
0.5625,3
0.1875,2
0.4375,2
0.6875,3
0.5,3
0.375,3
0.5625,3
0.9375,4
0.4375,2
0.375,2
0.5,3
0.6875,2
0.5625,1
0.25,2
0.875,3
0.75,3
0.75,3
0.5,3
0.125,2
0.5,3
0.75,3
0.3125,3
0.3125,3
0.625,3
0.3125,2
0.25,2
0.3125,3
0.25,2
0.3125,3
0.625,3
0.6875,3
0.3125,3
0.1875,3
0.1875,3
0.1875,3
0.1875,3
0.5625,3
0.375,2
0.6875,3
0.1875,3
0.1875,3
0.3125,2
0.4375,3
0.5,2
0.75,3
0.75,3
0.5,2
0.5,2
0.75,3
0.8125,3
0.625,3
0.5625,3
0.375,2
0.5,2
0.5,3
0.5,3
0.8125,3
0.75,3
0.75,3
0.25,2
0.625,2
0.25,3
0.4375,3
0.4375,4
0.9375,3
0.6875,3
0.4375,4
0.4375,4
0.4375,4
0.4375,2
0.625,2
0.4375,2
0.6875,3
0.25,3
0.5625,3
0.75,4
0.8125,4
0.6875,3
0.8125,4
0.625,4
0.5625,2
0.3125,3
0.625,4
0.25,3
0.125,3
0.5,3
0.375,3
0.1875,3
0.5625,3
0.625,3
0.6875,3
0.5625,3
0.5,2
0.6875,3
0.5,3
0.5,3
0.6875,3
0.5,3
0.8125,3
0.4375,3
0.875,3
0.4375,3
0.5,3
0.5625,4
0.375,3
0.5,3
0.1875,3
0.5,3
0.5625,3
0.625,3
0.5,2
0.5,3
0.75,4
0.5,1
0.4375,3
0.4375,2
0.3125,2
0.3125,2
0.25,2
0.5,4
0.4375,2
0.875,4
0.5625,4
0.125,2
0.5,3
0.5625,4
0.8125,4
0.75,3
0.8125,3
0.5,2
0.625,3
0.4375,3
0.4375,3
0.5625,4
0.375,4
0.4375,4
0.625,3
0.4375,3
0.5,3
0.3125,3
0.4375,2
0.625,3
0.4375,2
0.375,3
0.625,3
0.5625,3
0.6875,4
0.3125,3
0.6875,3
0.8125,4
0.4375,4
0.5625,4
0.1875,2
0.375,2
0.375,2
0.8125,4
0.25,2
0.75,4
0.5,4
0.5,4
0.5,4
0.5,4
0.875,3
0.5,3
0.6875,3
0.5,2
0.6875,3
0.375,4
0.375,4
0.6875,3
0.1875,2
0.375,4
0.375,4
0.5625,2
0.125,3
0.375,2
0.375,2
0.625,4
0.5625,4
0.4375,3
0.25,3
0.625,4
0.125,3
0.375,2
0.375,1
0.8125,3
0.625,3
0.6875,3
0.5625,3
0.375,2
0.375,1
0.1875,3
0.1875,3
0.1875,3
0.1875,3
0.1875,4
0.125,2
0.1875,3
0.1875,4
0.8125,4
0.8125,3
0.8125,4
0.1875,3
0.3125,2
0.3125,2
0.3125,3
0.3125,3
0.4375,4
0.25,3
0.375,3
0.625,4
0.4375,3
0.4375,3
0.75,3
0.6875,4
0.4375,3
0.375,3
0.5,3
0.625,4
0.3125,3
0.4375,3
0.375,3
0.3125,3
0.3125,3
0.6875,2
0.375,3
0.25,3
0.25,3
0.375,3
0.375,3
0.6875,3
0.25,3
0.4375,3
0.4375,2
0.625,2
0.625,3
0.625,3
0.375,3
0.5625,3
0.4375,3
0.4375,3
0.6875,4
0.75,3
0.5625,3
0.25,2
0.4375,3
0.4375,3
0.5,2
0.3125,2
0.375,0
0.1875,3
0.375,3
0.1875,2
0.1875,3
0.5,2
0.4375,3
0.6875,4
0.625,3
0.25,3
0.6875,3
0.875,4
0.875,4
0.625,3
0.3125,3
0.3125,3
0.1875,3
0.625,4
0.625,4
0.5625,3
0.8125,5
0.6875,5
0.25,4
0.25,3
0.25,3
0.25,3
0.25,3
0.1875,2
0.625,4
0.5,1
0.3125,3
0.375,3
0.6875,3
0.4375,3
0.4375,1
0.25,2
0.3125,2
0.125,3
0.125,3
0.375,2
0.625,4
0.75,5
0.75,5
0.375,2
0.875,3
0.5625,3
0.125,3
0.9375,3
0.25,3
0.25,2
0.4375,4
0.4375,4
0.6875,3
0.375,2
0.375,3
0.5625,4
0.4375,4
0.75,5
0.625,4
0.6875,1
0.1875,3
0.25,3
0.5,3
0.4375,2
0.375,3
0.1875,2
0.5625,3
0.5625,4
0.25,2
0.6875,3
0.9375,4
0.4375,3
0.5,3
0.8125,3
0.6875,3
0.25,2
0.5,3
0.5625,3
0.625,4
0.1875,2
0.4375,3
0.4375,3
0.5625,3
0.1875,2
0.6875,4
0.5,3
0.25,3
0.4375,2
0.4375,3
0.625,4
0.4375,3
0.25,2
0.8125,3
0.5,3
0.5625,1
0.625,4
0.5,3
0.5625,3
0.5625,2
0.625,3
0.25,2
0.6875,3
0.6875,4
0.5,3
0.25,2
0.5,3
0.25,2
0.5625,2
0.5625,2
0.625,3
0.1875,3
0.1875,3
0.5625,3
0.25,2
0.5,3
0.5,3
0.5,3
0.5625,3
0.875,4
0.25,2
0.875,3
0.5,3
0.8125,3
0.4375,3
0.3125,3
0.5625,4
0.625,3
0.25,2
0.625,3
0.3125,3
0.25,3
0.5625,4
0.125,2
0.25,1
0.25,3
0.25,3
0.25,3
0.4375,2
0.5625,3
0.25,2
0.25,3
0.6875,4
0.8125,4
0.1875,2
0.25,3
0.625,3
0.4375,3
0.25,2
0.5,3
0.25,2
0.25,3
0.75,4
0.625,3
